headline,summary,why,domain,urgency,severity
"Trump and Xi Meet, Agree to Work Together","US President Donald Trump and Chinese President Xi Jinping finished a meeting in Beijing. They want to make their countries' relationship better and prevent things from getting out of hand. They agreed on a plan to work together for the next three years. This plan is about cooperating, managing competition, and dealing with differences. They still don't agree on everything, but the meeting was a step forward.","This meeting is important because the US and China are the world's two biggest economies. They want to make their relationship more stable in a world with many problems.","Geopolitics","9","HIGH"
"Taiwan is a Big Problem Between US and China","Xi Jinping warned President Trump that if the US and China don't handle the Taiwan issue carefully, it could lead to big conflicts. Xi thinks Taiwan is the most important issue between the two countries. Trump didn't say much about a proposed big sale of US arms to Taiwan. Taiwan's government thanked the US for its support.","Taiwan is a big deal because China thinks it's part of its country. If things get out of hand, it could lead to a direct fight between China and the US.","Geopolitics","8","HIGH"
"Leaders Discuss Global Stability and Disagree","The leaders talked about bigger global challenges like the war in the Middle East. Trump said Xi agreed not to give military equipment to Iran. China said it can still buy oil from Iran. Trump also suggested a three-way deal with Russia and China to control nuclear weapons. China is still building islands in the South China Sea, which is a point of tension.","Places like Iran and the South China Sea are important because they can affect global stability and energy security. The US and China have different views on these issues.","Geopolitics","8","HIGH"
"US and China Try to Fix Trade Relationship","After a big trade war with high taxes on imports, the US and China are trying to fix their economic relationship. They talked about China buying more US farm products and Boeing planes. They also want to set up new councils to discuss trade and investment. However, China is also trying to sell more to other countries, not just the US.","Trade is a big part of the US-China relationship, but it can be unstable. China is trying to sell more to other countries to reduce its reliance on the US market.","Markets","7","HIGH"
"US and China Compete in Technology","The US and China are competing in advanced technologies like artificial intelligence and computer chips. US intelligence says China is trying to steal US AI technology on a big scale. The US has limited China's access to advanced chips, but China is trying to make its own chips. Some of these limits have been relaxed a bit.","This tech competition will shape the future of the global economy and national security. Both countries want to be dominant in critical technologies.","Technology","7","MEDIUM"
"Russia Launches Big Air Attacks, Ukraine Fights Back","Russia launched its biggest air attack since 2022, using over 1,600 drones and missiles in 30 hours. This caused many casualties and damage in Ukrainian cities like Kyiv and Kharkiv. Ukraine responded by attacking Russian targets with drones, including an oil refinery. This happened even though there was a short ceasefire around a Russian holiday.","This is a big escalation of the conflict, hurting civilians and important buildings on both sides. It shows that calls for calm are being ignored.","Geopolitics","10","CRITICAL"
"EU and UK Punish Russia for Moving Ukrainian Kids","The European Union and the UK are sanctioning Russian groups and officials for taking nearly 20,500 Ukrainian children and trying to change their minds. These new sanctions also limit Russia's energy, military, trade, and finance sectors.","These sanctions highlight serious human rights abuses and show international pressure on Russia to stop its war and hold those responsible accountable.","Geopolitics","9","HIGH"
"Mixed Messages on Peace Talks Amid Ongoing Fighting","There was a short ceasefire from May 9-11, but both Russia and Ukraine said they kept fighting. Russia's President Putin made unclear comments about the war ending, but also said Ukraine must give up territory. Ukraine's President Zelenskyy said Russia won't stop the war and they're preparing for more attacks.","The mixed messages and continued fighting mean a peaceful solution seems far away, with both sides dug in.","Geopolitics","8","HIGH"
"Ukraine's Economy Suffers, Faces Funding Shortfalls","Ukraine's economy shrank by 0.5% in early 2026 due to Russian attacks on its energy sector. There's worry that Ukraine's defense funding might run out by June 2026 because Western aid is uncertain.","The economic strain and unsure Western aid pose a big threat to Ukraine's ability to defend itself.","Markets","7","HIGH"
"Russia's Economy Struggles with High Inflation and Stagnation","Russia's economy has high inflation and little growth, like being stuck in traffic. This is partly because of huge military spending and less money in its savings fund. Higher oil revenues help a bit, but the underlying problems persist.","The ongoing economic pressures on Russia make us wonder if it can keep its war effort going and handle long-term sanctions and military spending.","Markets","7","HIGH"
"US-Israel-Iran War Stalled Amid Distrust, Strait of Hormuz Blocked","There's a big conflict between the US, Israel, and Iran that's currently on hold. It started in February 2026 when the US and Israel attacked Iran and killed a top leader. Iran fought back with missiles and drones and blocked a crucial waterway, the Strait of Hormuz, which is like a major highway for oil ships. This has caused problems for the global oil trade. They're trying to negotiate a lasting peace, but it's not working because they don't trust each other, especially when it comes to Iran's nuclear program.","This conflict is a big deal because it could make the region unstable, affect the global economy, and influence other local conflicts in the Middle East.","Geopolitics","10","CRITICAL"
"Israel and Hezbollah Continue Cross-Border Fighting Despite Ceasefire Talks","There's still heavy fighting between Israel and a Lebanese group called Hezbollah, even though they're talking about a ceasefire. Israeli forces have been attacking Hezbollah sites, and it's caused a lot of people in Lebanon to leave their homes - over a million people. This conflict is connected to the bigger US-Israel-Iran conflict and could make Lebanon's situation worse.","This fighting is a direct spillover of the wider US-Israel-Iran conflict and risks dragging Lebanon into a more devastating war, with severe humanitarian consequences.","Geopolitics","9","HIGH"
"Gaza Ceasefire Remains Fragile as Israel Expands Control and Aid Declines","The ceasefire between Israel and Hamas in Gaza, which started in October 2025, is fragile. Israeli forces now control a lot of the Gaza Strip, and aid to Gaza has decreased since the US-Israel-Iran war started. This has made an already bad situation worse. The issues in Gaza, like Hamas's weapons and the humanitarian crisis, could lead to more fighting.","The unresolved issues in Gaza, particularly Hamas's disarmament and the humanitarian crisis, continue to fuel instability and serve as a flashpoint for renewed widespread hostilities.","Geopolitics","9","HIGH"
"Red Sea Shipping Disruptions and Pirate Resurgence Hit Global Trade","Because of the conflict in the Strait of Hormuz and attacks in the Red Sea, shipping companies are taking longer routes, which costs more. This has also led to pirates coming back in the area off Somalia and Yemen, and they've hijacked several ships. This is affecting the global economy, making oil prices go up and disrupting supply chains.","These maritime security challenges are having a significant global economic impact, raising oil prices, disrupting supply chains, and increasing humanitarian aid costs to vulnerable regions like Somalia.","Markets","8","HIGH"
"Syria Navigates Fragile Transition Amidst Persistent Israeli Incursions","Syria is trying to move forward after the Assad regime fell in December 2024. While the direct fighting has decreased, Israeli forces are still entering Syrian territory, which is challenging for Syria. They're also trying to integrate a group called the Syrian Democratic Forces. However, Israel's actions could make Syria's path to stability harder.","Despite a reduction in internal fighting, Syria remains vulnerable to external pressures and regional conflicts, particularly Israeli actions, which could undermine its fragile path to stability.","Geopolitics","7","MEDIUM"
